煤田,矿区,采厚,面长,走向长,推进速度,开采方式,硬岩比,覆岩类型,抗压强度,采深,煤倾,导高
4,4,9.1,104,0.143044835,0.194805195,6,0.01,0.4,4.78,610,23,128.74
4,4,12.48,98.1,0.138282148,0.194805195,6,0.01,0.4,4.78,634,21,133.3
4,4,11,100,0.13302677,0.194805195,1,0.01,0.4,4.78,610,15,126.1
35,26,12,200,0.111348333,0.233766234,6,0.399,0.4,10.15,552.19,4,239.42
35,26,6.5,200,0.111348333,0.233766234,6,0.399,0.6,10.15,552,4.5,192.2
35,26,8.4,200,0.1133191,0.233766234,6,0.399,0.4,10.15,552.19,4,170.77
35,26,6.5,200,0.1133191,0.233766234,6,0.399,0.4,11.2,552.19,4.5,190.51
35,26,15.86,200,0.1133191,0.233766234,6,0.399,0.4,11.2,552,5,368.42
35,26,10.86,150,0.114961406,0.155844156,6,0.399,0.4,10.15,552.19,4,230.97
35,26,8.6,150,0.114961406,0.155844156,6,0.399,0.4,10.15,552.19,5,188.54
35,26,10.3,150,0.114961406,0.155844156,6,0.399,0.4,10.15,552,6,204.97
35,26,14.8,235,0.28904582,0.199350649,6,0.28,0.4,28.6,573.5,10,135.78
35,26,11.52,165,0.186237477,0.233766234,6,0.35,0.4,35.3,547,16,267.72
35,26,11.36,186,0.227459353,-0.038961039,6,0.27,0.4,27.6,547,16,264.01
35,26,11.17,201,0.219083593,-0.038961039,6,0.28,0.6,28.5,547,10,236.35
35,26,10.62,155,0.140252915,0.207792208,7,0.27,0.6,27.4,547,6,246.81
35,16,4.36,120,0.009853835,-0.038961039,6,0.67,0.6,26.32,983,5,88.03
35,16,7.5,248,-0.047626868,-0.038961039,6,0.67,0.6,33.08,861,6,112.6
35,16,10,116,0.09361143,-0.038961039,6,0.58,0.6,35,470,5,150.3
35,16,6,200,-0.047626868,-0.038961039,6,0.6,0.6,35,550,5,136.2
35,16,6,120,0.032353424,-0.038961039,6,0.61,0.6,35,575,5,135.23
35,16,7.6,116,-0.047626868,0.266233766,7,0.62,0.6,35,463,7,96.4
35,16,9,200,-0.047626868,-0.038961039,6,0.39,0.6,35,702,7,148.3
35,16,7.5,200,-0.047626868,-0.038961039,6,0.35,0.6,35,533.2,7,140.2
35,16,6,200,0.305468878,-0.038961039,6,0.41,0.6,35,575,3,135.23
35,16,3.5,180,0.142880604,-0.038961039,6,0.38,0.6,35,500,5,100
35,16,9.1,204,0.196255543,-0.038961039,6,0.42,0.6,35,529.5,5,254.04
35,16,9.9,93.4,-0.047626868,-0.038961039,6,0.43,0.6,35,330,6,125.81
35,16,10.1,235,0.222532436,-0.038961039,6,0.45,0.6,21.4,525,0.5,225.43
35,16,13,180,0.198062079,0.168831169,6,0.62,0.6,35.6,650,4,133
35,16,8,190,0.197569387,-0.038961039,6,0.62,0.6,36.2,650,3,106.4
35,16,3.9,180,0.242732797,-0.038961039,6,0.25,0.6,24.6,400,3,110
35,16,9.1,180,-0.047626868,-0.038961039,6,0.24,0.6,24.6,391.5,2,245.52
35,16,11.22,180,0.267695845,-0.038961039,6,0.29,0.6,29.4,391.5,5,189.05
35,16,12.55,180,0.2266382,-0.038961039,6,0.29,0.6,29.4,391.5,7,191
35,16,12.12,180,0.385941862,-0.038961039,6,0.29,0.6,29.4,391.5,4,193.76
35,16,12.77,93.4,0.110034488,-0.038961039,6,0.75,0.6,35,330,2,125.81
35,16,8.7,96.2,-0.047626868,-0.038961039,6,0.78,0.6,35,347,2,97.47
35,16,8.9,95,-0.047626868,-0.038961039,6,0.76,0.6,35,330,6,149.48
35,16,8.6,160,0.029561504,-0.038961039,6,0.31,0.6,30.8,314.5,12,141.4
35,16,3.7,240,0.412218755,-0.038961039,7,0.45,0.6,45.6,730,1,180.66
35,16,3.8,240,0.26359008,0.448051948,6,0.16,0.4,15.7,700,0.5,180
35,16,7,240,-0.047626868,-0.038961039,6,0.17,0.4,16.8,705,0.5,202
35,16,10,200,-0.047626868,-0.038961039,6,0.35,0.6,35,628.16,4,220
20,46,5.7,153,-0.047626868,-0.038961039,6,0.16,0.4,15,370,6,70
20,35,2.2,180,-0.047626868,-0.038961039,6,0.34,0.6,34.6,292,3,32.66
35,38,7,240,-0.047626868,-0.038961039,6,0.31,0.6,35,620,5.5,187.4
35,38,8,165,-0.047626868,-0.038961039,6,0.58,0.6,35,450,4,156
35,38,10,180,0.280472984,-0.038961039,6,0.83,0.8,78,895.2,5.5,257.26
35,38,7.5,240,0.223353588,0.350649351,6,0.81,0.8,65,586,4,108
29,8,1.4,148,0.027919199,-0.038961039,6,0.76,0.6,35,275,2,29.58
29,8,5,255,0.034488422,-0.038961039,6,0.75,0.8,60,280,3,135.4
30,25,5.5,300,0.699293809,-0.038961039,6,0.61,0.6,35,260,1,108.59
30,25,5.5,300,0.535884382,-0.038961039,6,0.54,0.6,35,264.98,1,111.32
30,25,5.5,300,-0.047626868,-0.038961039,6,0.9,0.8,60,260,1,109.72
30,25,5,300,-0.047626868,-0.038961039,6,0.912,0.8,60,270.2,1,120.25
30,25,5.5,300,-0.047626868,-0.038961039,6,0.7,0.8,60,260,1,122.64
30,25,5.5,300,-0.047626868,-0.038961039,6,0.44,0.6,35,247.6,1,115
30,25,5.5,300,-0.047626868,-0.038961039,6,0.79,0.8,60,232.38,1,146.18
30,25,5,350,0.9065528,0.61038961,1,0.48,0.8,86,220.1,4,90
30,25,5,255,-0.047626868,-0.038961039,6,0.54,0.6,35,276,4,130.5
30,25,5,255,-0.047626868,-0.038961039,6,0.62,0.6,35,279.3,4,137.3
30,25,5,255,-0.047626868,-0.038961039,6,0.57,0.6,35,275.8,4,117.8
30,25,4.5,300,0.650681557,-0.038961039,6,0.69,0.6,35,241.3,0.5,108.32
30,25,4.5,300,0.660748891,-0.038961039,6,0.74,0.8,60,244,0.5,114.38
30,25,11.1,265,-0.047626868,-0.038961039,6,0.95,0.8,60,673,0.5,120
30,25,3.6,250,0.009853835,0.396103896,7,0.65,0.6,65.3,190,0.6,68
30,25,3.5,200,0.145344063,0.396103896,7,0.63,0.6,63.1,188,0.6,96.3
30,25,8,200,-0.047626868,-0.038961039,6,0.93,0.8,60,713,3,103.09
30,25,7.65,116.05,-0.047626868,-0.038961039,6,0.63,0.6,35,463,3,96.45
30,25,7.6,116,-0.047626868,-0.038961039,6,0.62,0.6,35,453,3,86.4
30,25,6,350,0.987025784,-0.038961039,3,0.91,0.8,60,279.99,0.5,136.1
24,40,7.5,235.8,0.012317293,-0.038961039,3,0.52,0.6,43.4,54,5,96.43
24,40,4,135,-0.047626868,-0.038961039,7,0.52,0.4,34.5,49,5,45
24,40,5,160,-0.047626868,-0.038961039,7,0.7,0.6,35,160,5,48
24,40,4.5,220,-0.047626868,0.422077922,7,0.76,0.6,35,110,2.6,46.6
24,40,6.94,147.5,0.699129578,-0.038961039,3,0.81,0.6,35,180,2,59.6
24,40,6.6,292.5,0.163409427,-0.038961039,3,0.9,0.6,26,180,3,137.32
24,40,7.3,301.3,0.707883068,0.85974026,3,0.76,0.6,35,180,3,75.3
30,41,5.8,350,-0.047626868,-0.038961039,3,0.77,0.6,35,135,8.5,60.7
30,41,11.1,104,-0.047626868,-0.038961039,6,0.83,0.8,60,500,4,152.34
30,41,6,300,-0.047626868,-0.038961039,7,0.13,0.4,13.1,175.3,3,89.61
30,41,5.5,191,0.018065364,-0.038961039,7,0.22,0.4,15,132.9,3,108
30,41,3.96,182,-0.047626868,-0.038961039,6,0.33,0.6,35,195.9,0.5,75.78
30,41,3.96,182,-0.047626868,-0.038961039,6,0.34,0.6,35,199.9,0.5,71.66
30,41,3.2,300,0.804072918,-0.038961039,7,0.37,0.6,35,372.23,3,104.36
0,40,4.65,284.3,0.481852521,0.935064935,7,0.65,0.6,65.3,130.94,2,75.8
0,40,7.14,245,0.175069798,-0.038961039,7,0.31,0.6,29.15,204,3,83.5
0,40,6,327.35,0.78469371,-0.038961039,7,0.45,0.8,43.6,165,5,153.46
8,37,9,224,0.187222861,-0.038961039,6,0.15,0.4,15,424,8,175.4
8,37,9,200,-0.047626868,-0.038961039,6,0.23,0.6,35,424,9,109.1
0,40,4.5,260,-0.047626868,-0.038961039,6,0.22,0.6,35,210,1.5,92.1
0,19,6.1,240,-0.047626868,-0.038961039,6,0.3,0.6,29.56,669,1,107
0,19,6.23,241,0.435539497,-0.038961039,6,0.35,0.6,35,740,2,106.1
0,19,6,240,-0.047626868,-0.038961039,6,0.36,0.6,36,701,3,120.3
0,40,2.2,158,-0.047626868,-0.038961039,7,0.45,0.4,25.2,101.1,1,63
0,40,4.8,150,-0.047626868,-0.038961039,3,0.89,0.4,74,56,0,42.5
0,40,4.3,276,0.712596485,-0.038961039,3,0.88,0.6,35,140.6,1,140.6
0,40,4.5,310,-0.047626868,-0.038961039,3,0.69,0.6,35,200,2,89.5
0,40,4.8,311,0.547216292,-0.038961039,3,0.68,0.6,35,200,2,92
0,40,4,325.5,-0.047626868,-0.038961039,3,0.7,0.6,35,200,3,91.5
0,40,5,220.3,0.235046806,-0.038961039,3,0.69,0.6,35,200,2,103.5
0,40,8,319.1,0.467942191,-0.038961039,3,0.69,0.6,35,200,2,105.96
0,40,8,327.4,0.467728691,-0.038961039,3,0.69,0.6,35,200,2,109.8
0,40,6.8,301,0.768763344,-0.038961039,3,0.41,0.6,35,200,3,106.5
0,40,7.1,300.8,0.722033175,-0.038961039,3,0.38,0.6,35,275,2,112.7
0,40,7.2,281.4,0.721704713,-0.038961039,3,0.39,0.6,36.8,253,2,114.6
0,40,4.5,301,0.765979635,1,3,0.42,0.6,35,245,2,119.9
0,40,6,311,0.743915257,0.792207792,3,0.43,0.6,35,245,2,125
0,40,4.4,300,-0.047626868,0.545454545,3,0.35,0.6,35,245,2,142.5
0,40,5.2,265.5,-0.047626868,-0.038961039,3,0.43,0.8,60,260.9,2,154
12,17,8,150,-0.047626868,-0.038961039,7,0.23,0.4,15,125,5,22
0,5,5.27,260,0.037773033,-0.038961039,6,0.78,0.8,60,620,6,126
2,2,3.5,195,0.210872064,-0.038961039,7,0.22,0.4,15,240,7,21.68
2,2,3.5,195,-0.047626868,-0.038961039,7,0.21,0.4,15,240,7,17.45
14,22,1.5,45,-0.047626868,-0.038961039,7,0.2,0.4,15,200,0,45
14,22,1.1,170,0.088684513,-0.038961039,7,0.49,0.8,46.15,342,5,42
14,22,9.6,170,-0.047626868,-0.038961039,6,0.36,0.6,35,342,4,118
14,22,9.5,300,-0.047626868,-0.038961039,6,0.35,0.6,35,342,17.5,115.2
14,22,3.05,300,-0.047626868,-0.038961039,7,0.35,0.6,35,312,13,61
7,48,3.55,234.3,0.477910987,-0.038961039,7,0.46,0.8,60,400,4,44.6
7,48,5.4,302,-0.047626868,-0.038961039,7,0.77,0.8,60,340.6,8.5,62.53
7,48,5.3,302,-0.047626868,-0.038961039,6,0.7,0.8,60,330,9,62.59
7,48,5.28,300,-0.047626868,-0.038961039,6,0.68,0.6,35,280,9.5,56.02
7,48,2.7,256,-0.047626868,-0.038961039,6,0.65,0.6,35,220,5,46.45
7,48,5.43,97,0.13302677,-0.038961039,6,0.75,0.4,11.58,210,25,62.84
7,37,3.5,280,-0.047626868,-0.038961039,6,0.72,0.6,35,250,10.4,59.24
7,47,4.6,280,-0.047626868,-0.038961039,6,0.72,0.6,35,500,6,63.12
31,7,11.4,207,-0.047626868,-0.038961039,6,0.87,0.4,17.5,458,7.5,211.2
31,7,7.54,195,-0.047626868,-0.038961039,6,0.88,0.4,19.1,516.3,8,185.1
31,7,12.4,227,-0.047626868,-0.038961039,6,0.75,0.4,17,458.9,7.5,205.9
31,7,15.2,227,-0.047626868,-0.038961039,1,0.87,0.4,19.85,433.9,8,234
31,7,11,230,-0.047626868,-0.038961039,1,0.79,0.6,18.7,784,6,219
31,7,11,277,-0.047626868,-0.038961039,6,0.79,0.6,21.3,717.7,8,219
31,7,9.97,230,-0.047626868,-0.038961039,6,0.69,0.4,18.7,590,6.5,199
26,24,2.41,160,1,0.194805195,7,0.31,0.4,15,133.5,30,45.5
26,24,13.6,47,0.049269174,0,6,0.28,0.4,30,135,50,103.8
33,50,3.75,168,0.09623912,-0.038961039,7,0.43,0.6,35,450,34,44.66
11,15,1.9,70,-0.047626868,-0.038961039,1,0.83,0.8,69.84,173,20,25.3
11,15,2,70,-0.047626868,-0.038961039,1,0.83,0.8,69.84,173,20,26.7
11,43,4,71,0.022992281,-0.038961039,7,0.74,0.6,45.6,282,8,33
11,15,4.5,77,-0.047626868,-0.038961039,1,0.67,0.6,35,209.5,30,47.3
11,15,5.6,230,-0.047626868,-0.038961039,1,0.53,0.6,35,391,25,57.3
11,15,3.7,70,0.054196091,-0.038961039,7,0.446,0.4,44.6,420,23,56.8
11,15,3.8,143,0.037608803,-0.038961039,7,0.5,0.6,110,446,17,40
27,45,6.65,80,0.108392183,-0.038961039,6,0.31,0.4,15,171,16,46.7
28,13,7,155,0.076859911,-0.038961039,6,0.41,0.6,36.8,781,20,134
28,13,2.8,155,0.076859911,-0.038961039,3,0.39,0.6,35.6,781,20,39.8
27,45,6.49,170,0.027919199,-0.038961039,7,0.22,0.4,15,680,7.5,27.6
10,27,2.1,180,-0.047626868,-0.038961039,6,0.46,0.4,15,679,8,44.54
32,49,6,174,-0.047626868,-0.038961039,5,0.3,0.4,15,150,23,58.4
15,20,1.7,180,0.231565117,0.61038961,3,0.38,0.6,29.8,124,4,29.31
15,34,5.9,148,0.244703564,0.415584416,6,0.99,0.8,60,315,4.5,114.7
16,40,3.5,150,0.083757596,-0.038961039,0,0.86,0.6,35,993,17,75.34
16,40,7.99,300,0.165872886,-0.038961039,6,0.78,0.6,35,932,16,120.33
6,40,6.41,239.4,0.332139924,-0.038961039,6,0.64,0.6,55.2,478,2,120
16,40,6.7,260,0.403021843,-0.038961039,6,0.35,0.6,35,357,5,106
16,40,7,240,0.375266875,-0.038961039,6,0.35,0.6,35,367,6,109.3
15,44,1.7,180,0.068155691,-0.038961039,7,0.34,0.6,13.6,150,4,30.74
19,33,3.4,205,-0.047626868,-0.038961039,7,0.41,0.6,30,117,2,72
19,33,3.4,120,-0.047626868,-0.038961039,7,0.68,0.6,35,415,8,30.9
19,33,1.8,120,-0.047626868,-0.038961039,7,0.78,0.6,35,420,6,39.38
19,33,5.8,180,-0.047626868,-0.038961039,6,0.75,0.4,15,553,8,65.3
19,33,1.8,178,-0.047626868,-0.038961039,7,0.68,0.6,35,340,3,19.69
19,33,2,78,-0.047626868,-0.038961039,7,0.71,0.6,35,328,7,23
19,33,2,85,-0.047626868,-0.038961039,7,0.72,0.6,35,311,3,19.11
19,33,2,125,-0.047626868,-0.038961039,7,0.67,0.6,35,356,3,23.87
19,33,2,130,-0.047626868,-0.038961039,7,0.66,0.6,35,349,5.5,22.31
19,33,1.8,100,0,-0.038961039,5,0.6,0.6,35,270,18,33
19,33,2,148,-0.047626868,-0.038961039,7,0.65,0.6,35,320.5,5,31.78
19,33,3.4,140,-0.047626868,-0.038961039,7,0.7,0.6,35,409,9,40.2
19,33,3.8,150,-0.047626868,-0.038961039,7,0.46,0.6,35,451,7,43
19,33,3.8,160,-0.047626868,-0.038961039,7,0.6,0.6,35,456,7,50
19,33,2.8,135,-0.047626868,-0.038961039,7,0.35,0.4,15,841,3,82.26
19,33,3.4,154,-0.047626868,-0.038961039,7,0.4,0.4,15,360,14,70.7
19,33,6,182,-0.047626868,-0.038961039,6,0.31,0.4,15,490.5,7,88.38
19,33,4.8,150,-0.047626868,-0.038961039,6,0.47,0.4,15,499.9,12,54.79
19,33,5,160,-0.047626868,-0.038961039,6,0.7,0.6,50,501,10,31.4
19,33,3.9,205,-0.047626868,-0.038961039,6,0.59,0.6,35,516,2,31.77
19,33,3,202,-0.047626868,-0.038961039,7,0.61,0.6,35,521,2,33.37
19,33,4.5,136,-0.047626868,-0.038961039,6,0.69,0.6,35,606,2,38.19
19,33,3.1,240,-0.047626868,-0.038961039,7,0.69,0.8,60,620,4,23.51
19,33,3.3,180,0.293972738,-0.038961039,7,0.6,0.6,35,427,5,46.53
19,33,6,150,0.058301856,-0.038961039,6,0.55,0.4,14,290,8,85.6
19,33,7.8,134,0.058301856,0.181818182,6,0.75,0.4,15,329,8,83.9
19,33,5.13,149,-0.047626868,-0.038961039,7,0.42,0.6,35,475,28,45
19,33,8,89,-0.047626868,-0.038961039,6,0.78,0.8,60,200,76,48
18,11,2.6,150,0.083757596,-0.038961039,7,0.81,0.6,35,540,10,65
18,11,2.5,150,-0.047626868,-0.038961039,4,0.79,0.6,35,552,11,63
18,11,2.4,180,0.060765315,0.188311688,7,0.81,0.6,71,550,10,71.15
18,11,2.5,180,-0.047626868,-0.038961039,7,0.71,0.6,71,550,15,55.32
18,11,3,174,0.151092133,-0.038961039,7,0.3,0.4,15,520,12,102.3
18,11,3.45,160,-0.047626868,-0.038961039,7,0.4,0.6,35,396,14,26.7
18,10,2.65,191,-0.047626868,-0.038961039,7,0.5,0.6,35,384,21,33
18,10,3.7,177,-0.047626868,-0.038961039,7,0.6,0.6,35,350,8,54.3
18,0,2.4,65,-0.047626868,-0.038961039,7,0.36,0.6,35,314,6,21.9
18,36,3,137,-0.047626868,-0.038961039,7,0.75,0.4,15,168,6,27.8
18,39,2,85,-0.047626868,-0.038961039,5,0.24,0.4,21.32,230,37,52.5
18,36,1.7,65,-0.047626868,-0.038961039,7,0.5,0.4,90,320,6,27.5
18,1,4.7,200,-0.047626868,-0.038961039,7,0.4,0.6,35,325,17,58
18,1,1.8,245,0.190343242,0.168831169,7,0.42,0.6,67.5,350,16,46.5
18,1,2.5,75,0.045984562,-0.038961039,7,0.67,0.6,35,428,16,48.7
18,9,3.5,130,-0.047626868,-0.038961039,7,0.5,0.4,10,284,7,26
18,9,4.5,350,-0.047626868,-0.038961039,7,0.11,0.4,11.7,276,7,67.2
18,9,7,130,-0.047626868,-0.038961039,6,0.31,0.6,35,284,4,66
18,12,1.9,165,-0.047626868,-0.038961039,7,0.22,0.6,35,316,12,26.09
18,12,3.8,114,-0.047626868,-0.038961039,7,0.21,0.6,35,343,13,28.46
18,12,13.43,130,-0.047626868,-0.038961039,6,0.23,0.6,35,494,15,93.18
21,42,1.8,73,-0.047626868,-0.038961039,5,0.49,0.6,35,93,62,16.6
5,21,2.03,69,0.014780752,-0.038961039,7,0.56,0.8,114.4,89,7,45.86
9,14,3,186,-0.047626868,-0.038961039,7,0.23,0.4,15,649.1,10,42.99
3,3,4.8,175,-0.047626868,0.33961039,6,0.36,0.6,35,485,6,62.5
3,3,5.3,175,-0.047626868,-0.038961039,6,0.99,0.6,35,542,15,67.5
3,3,5.28,175,-0.047626868,-0.038961039,6,0.71,0.6,35,542,7,49.25
3,3,4.6,170,-0.047626868,-0.038961039,6,0.5,0.6,35,86.1,6,53.9
3,3,5.8,125,-0.047626868,-0.038961039,6,0.99,0.8,60,368,6,70.7
3,3,5,122,-0.047626868,0.233116883,6,0.81,0.8,60,320,6,67.7
3,3,6.4,193,0.375102644,-0.038961039,6,0.5,0.6,70,414,9,72.9
3,3,2.5,192,-0.047626868,0.214285714,6,0.56,0.6,35,265,6,40.21
3,3,2.7,192,-0.047626868,0.446103896,6,0.56,0.6,35,265,6,42.81
3,3,2.6,185,-0.047626868,0.123376623,6,0.64,0.6,35,295,6,40.5
3,3,2.6,168,-0.047626868,0.144805195,6,0.99,0.6,35,290,6,46.22
3,3,2.6,168,-0.047626868,0.285714286,6,0.37,0.6,35,290,6,38.41
3,3,2.6,168,-0.047626868,0.29025974,6,0.18,0.6,35,290,6,39.14
3,3,8.7,170,-0.047626868,-0.038961039,6,0.668,0.6,70,278,8,66.5
3,3,5.7,178,-0.047626868,-0.038961039,6,0.63,0.6,35,283.9,6,51.4
3,3,5.3,145.7,-0.047626868,0.207792208,6,0.63,0.6,35,312,6,44.21
3,3,2.8,156,-0.047626868,0.027922078,6,0.93,0.6,35,264.5,6,44.34
3,3,2.6,147,-0.047626868,0.168831169,6,0.6,0.6,35,265,6,43.43
3,3,2.8,149,-0.047626868,0.06038961,6,0.26,0.6,35,264.5,6,40.35
3,3,2.8,156,-0.047626868,0.12987013,6,0.68,0.6,70,269,6,50.34
3,3,5.6,160,-0.047626868,-0.038961039,6,0.68,0.6,70,325,5,51.5
3,3,7.4,160,-0.047626868,0.06038961,6,0.55,0.6,35,331,6,64.25
3,3,8,170,-0.047626868,-0.038961039,6,0.5,0.6,45,450,8,86.8
3,3,5.6,160,-0.047626868,-0.038961039,6,0.6,0.6,35,325,5,51.5
3,3,7.1,160,-0.047626868,0.105844156,6,0.5,0.6,35,412,10,72.97
3,3,5,122,-0.047626868,0.233116883,6,0.68,0.6,35,320,7,67.7
3,3,8.7,153,0.1600427,0.212987013,6,0.99,0.8,60,435,8,71
3,3,8.7,198,-0.047626868,-0.038961039,6,0.5,0.4,15,409,6,83
3,3,7.5,173.5,-0.047626868,0.253246753,6,0.47,0.6,35,367,7,75.5
3,3,7.53,170,-0.047626868,0.209090909,6,0.38,0.6,35,357,7,61.9
3,3,8.61,169,-0.047626868,0.209090909,6,0.46,0.6,35,357,7,65.5
3,3,7.52,190,-0.047626868,0.271428571,6,0.41,0.6,35,367,7,61.77
3,3,8.5,80,-0.047626868,-0.038961039,1,0.44,0.6,35,417,4,68
3,3,1.6,180,-0.047626868,-0.038961039,5,0.24,0.4,15,285,6,30.8
3,3,8,120,-0.047626868,-0.038961039,6,0.71,0.6,60,272,12,62
3,3,8,150,-0.047626868,-0.038961039,6,0.71,0.8,60,272,12,78.1
3,3,6.4,150,-0.047626868,-0.038961039,6,0.57,0.6,35,280,12,62
3,3,3,203,0.307439645,-0.038961039,7,0.3,0.8,60,616,60,35
3,3,9,220,-0.047626868,0.285714286,7,0.51,0.6,35,541,41,76.37
3,3,8.8,143,-0.047626868,-0.038961039,2,0.23,0.4,15,262.8,3,39
17,28,2.94,180,-0.047626868,0.232467532,6,0.85,0.6,35,568.4,11,57
17,28,2.95,206,-0.047626868,0.119480519,6,0.74,0.6,35,516,11,54.5
17,28,6.1,170,-0.047626868,0.136363636,6,0.37,0.6,35,475,4,64.6
17,29,2.5,135,0.09361143,-0.038961039,6,0.75,0.8,32,350,5,39.4
17,29,5.3,99.5,-0.047626868,-0.038961039,2,0.73,0.6,32,350,6,41.51
17,29,4.1,95,-0.047626868,-0.038961039,6,0.25,0.6,35,965,5,50.9
17,29,10.8,65,0.143865988,0.590909091,6,0.23,0.6,35,935.4,3,45.5
23,32,5,222,0.156019051,-0.038961039,6,0.42,0.6,70,524.6,7,55
23,32,3.8,168,-0.047626868,-0.038961039,6,0.65,0.6,35,270,5,54.6
23,32,4.6,170,0.001642306,0.155844156,6,0.5,0.6,35,243,5,53.9
23,32,5,175,-0.047626868,-0.038961039,7,0.46,0.6,35,260,5.2,48.15
23,32,4.9,180,0.018065364,-0.038961039,7,0.43,0.6,35,278,4,52.8
1,6,5.3,180,-0.047626868,-0.038961039,7,0.6,0.6,58,53,25,61
17,30,4.75,180,-0.047626868,-0.038961039,7,0.67,0.6,63.7,197,4,56
17,30,3.05,180,-0.047626868,-0.038961039,7,0.36,0.6,35,200,3,43.8
25,23,7.3,184,0.095335852,-0.038961039,7,0.21,0.6,35,665,19,32
25,23,7.5,222,-0.047626868,-0.038961039,7,0.19,0.6,35,665,18,53.7
25,23,3,160,0.081951059,-0.038961039,7,0.22,0.6,35,871,29,37.67
13,18,6.5,150,0.297257349,-0.038961039,6,0.42,0.6,35,1065,32,75.6
23,32,6.3,136,-0.047626868,-0.038961039,7,0.71,0.6,40,130,4,52.5
23,32,1.71,194,0.021842667,-0.038961039,7,0.65,0.4,15,136,4.5,20.65
23,32,1.67,225,0.037444572,-0.038961039,7,0.64,0.4,15,144,4.5,13.93
23,32,2.2,220,-0.047626868,-0.038961039,7,0.5,0.4,15,150,4.5,36
23,32,4,220,-0.047626868,-0.038961039,6,0.28,0.6,40,139,5,31
23,32,1.8,200,-0.047626868,-0.038961039,7,0.26,0.4,15,146,5,15
22,31,1.2,225,0.174084415,-0.038961039,5,0.66,0.6,35,120,6.8,31
34,51,4,136,0.08211529,0.220779221,7,0.21,0.4,15,350,7,35.5
34,51,3.6,150,0.154048284,0.285714286,7,0.25,0.4,15,359,7.5,30.2
34,51,4.1,150,0.05091148,0.285714286,7,0.25,0.4,15,330,7,38.8
